{"cameraMode":{"drawMode":0,"name":"Shaded","section":"Shading Mode"},"sceneLighting":true,"audioPlay":false,"sceneViewState":{"showFog":true,"showMaterialUpdate":false,"showSkybox":true,"showFlares":true,"showImageEffects":true,"showParticleSystems":true},"in2DMode":false,"pivot":{"x":-3.642374038696289,"y":-10.495014190673829,"z":31.001922607421876},"rotation":{"x":0.24283163249492646,"y":-0.22452859580516816,"z":0.05788441002368927,"w":0.9419272541999817},"size":47.40792465209961,"orthographic":false}