{"cameraMode":{"drawMode":0,"name":"Shaded","section":"Shading Mode"},"sceneLighting":false,"audioPlay":false,"sceneViewState":{"showFog":true,"showMaterialUpdate":false,"showSkybox":true,"showFlares":true,"showImageEffects":true,"showParticleSystems":true},"in2DMode":false,"pivot":{"x":0.8729251623153687,"y":0.8729250431060791,"z":0.8729251623153687},"rotation":{"x":0.010008889250457287,"y":-0.8032938838005066,"z":0.013503524474799633,"w":0.5953342318534851},"size":9.299983978271485,"orthographic":false}